Product	Voltage	pressure	pH	TOF_Coverage
CH3CH2OH_g	-1.8	0.0	6.8	0.0252555679402627
CH3CH2OH_g	-1.791919191919192	0.0	6.8	0.032529778562977
CH3CH2OH_g	-1.7838383838383838	0.0	6.8	0.0418960416717622
CH3CH2OH_g	-1.775757575757576	0.0	6.8	0.0539541513611558
CH3CH2OH_g	-1.7676767676767675	0.0	6.8	0.0694758207938597
CH3CH2OH_g	-1.7595959595959596	0.0	6.8	0.0894530840938684
CH3CH2OH_g	-1.7515151515151517	0.0	6.8	0.1151606392002798
CH3CH2OH_g	-1.7434343434343436	0.0	6.8	0.1482354223100749
CH3CH2OH_g	-1.7353535353535354	0.0	6.8	0.1907778401911285
CH3CH2OH_g	-1.7272727272727273	0.0	6.8	0.2454799266287568
CH3CH2OH_g	-1.7191919191919192	0.0	6.8	0.3157864036696193
CH3CH2OH_g	-1.7111111111111112	0.0	6.8	0.4060948698210229
CH3CH2OH_g	-1.7030303030303031	0.0	6.8	0.5220004062897233
CH3CH2OH_g	-1.694949494949495	0.0	6.8	0.6705864558204837
CH3CH2OH_g	-1.6868686868686869	0.0	6.8	0.8607554793102825
CH3CH2OH_g	-1.6787878787878787	0.0	6.8	1.10357556289854
CH3CH2OH_g	-1.6707070707070708	0.0	6.8	1.4125866163714096
CH3CH2OH_g	-1.662626262626263	0.0	6.8	1.8039542692397343
CH3CH2OH_g	-1.6545454545454543	0.0	6.8	2.2962756995981315
CH3CH2OH_g	-1.6464646464646466	0.0	6.8	2.909738820313552
CH3CH2OH_g	-1.6383838383838385	0.0	6.8	3.664263853368698
CH3CH2OH_g	-1.6303030303030304	0.0	6.8	4.576333997521737
CH3CH2OH_g	-1.6222222222222222	0.0	6.8	5.654626102525547
CH3CH2OH_g	-1.614141414141414	0.0	6.8	6.895361206990953
CH3CH2OH_g	-1.6060606060606062	0.0	6.8	8.279180344118112
CH3CH2OH_g	-1.597979797979798	0.0	6.8	9.771481682895924
CH3CH2OH_g	-1.58989898989899	0.0	6.8	11.326881609819004
CH3CH2OH_g	-1.5818181818181818	0.0	6.8	12.896380732893672
CH3CH2OH_g	-1.573737373737374	0.0	6.8	14.4345502351572
CH3CH2OH_g	-1.5656565656565655	0.0	6.8	15.90452114005114
CH3CH2OH_g	-1.5575757575757576	0.0	6.8	17.28005712183711
CH3CH2OH_g	-1.5494949494949497	0.0	6.8	18.54525941583128
CH3CH2OH_g	-1.5414141414141411	0.0	6.8	19.692923757292725
CH3CH2OH_g	-1.5333333333333334	0.0	6.8	20.72243779566382
CH3CH2OH_g	-1.5252525252525253	0.0	6.8	21.63776799830816
CH3CH2OH_g	-1.5171717171717172	0.0	6.8	22.44578437716521
CH3CH2OH_g	-1.5090909090909093	0.0	6.8	23.15498188942529
CH3CH2OH_g	-1.5010101010101011	0.0	6.8	23.77456383323773
CH3CH2OH_g	-1.492929292929293	0.0	6.8	23.42790962697792
CH3CH2OH_g	-1.4848484848484849	0.0	6.8	22.784795717216024
CH3CH2OH_g	-1.4767676767676767	0.0	6.8	22.032994045807
CH3CH2OH_g	-1.4686868686868686	0.0	6.8	21.193975370514657
CH3CH2OH_g	-1.460606060606061	0.0	6.8	20.288811215746342
CH3CH2OH_g	-1.4525252525252526	0.0	6.8	19.33748567362277
CH3CH2OH_g	-1.4444444444444444	0.0	6.8	18.358316534930083
CH3CH2OH_g	-1.4363636363636365	0.0	6.8	17.367536428747734
CH3CH2OH_g	-1.4282828282828284	0.0	6.8	16.379054040455014
CH3CH2OH_g	-1.4202020202020202	0.0	6.8	15.404386799077283
CH3CH2OH_g	-1.412121212121212	0.0	6.8	14.452736035738884
CH3CH2OH_g	-1.404040404040404	0.0	6.8	13.53116560459947
CH3CH2OH_g	-1.395959595959596	0.0	6.8	12.644844037555488
CH3CH2OH_g	-1.387878787878788	0.0	6.8	11.797315486812227
CH3CH2OH_g	-1.3797979797979798	0.0	6.8	10.99077281938137
CH3CH2OH_g	-1.371717171717172	0.0	6.8	10.226314789390212
CH3CH2OH_g	-1.3636363636363638	0.0	6.8	9.504176725555254
CH3CH2OH_g	-1.3555555555555556	0.0	6.8	8.823929983768185
CH3CH2OH_g	-1.3474747474747475	0.0	6.8	8.184649460992382
CH3CH2OH_g	-1.3393939393939394	0.0	6.8	7.585050990738502
CH3CH2OH_g	-1.3313131313131312	0.0	6.8	7.023601799986384
CH3CH2OH_g	-1.323232323232323	0.0	6.8	6.498607756099751
CH3CH2OH_g	-1.3151515151515152	0.0	6.8	6.008281164608877
CH3CH2OH_g	-1.307070707070707	0.0	6.8	5.550792615200422
CH3CH2OH_g	-1.2989898989898991	0.0	6.8	5.12430996582395
CH3CH2OH_g	-1.290909090909091	0.0	6.8	4.727027100646388
CH3CH2OH_g	-1.2828282828282829	0.0	6.8	4.35718465379642
CH3CH2OH_g	-1.2747474747474747	0.0	6.8	4.013084487402547
CH3CH2OH_g	-1.2666666666666666	0.0	6.8	3.69309936198347
CH3CH2OH_g	-1.2585858585858585	0.0	6.8	3.3956789421251607
CH3CH2OH_g	-1.2505050505050506	0.0	6.8	3.1193530372860683
CH3CH2OH_g	-1.2424242424242424	0.0	6.8	2.862732780568873
CH3CH2OH_g	-1.2343434343434343	0.0	6.8	2.624510290572088
CH3CH2OH_g	-1.2262626262626264	0.0	6.8	2.4034572362909614
CH3CH2OH_g	-1.2181818181818185	0.0	6.8	2.198422626394825
CH3CH2OH_g	-1.21010101010101	0.0	6.8	2.0083300667902755
CH3CH2OH_g	-1.202020202020202	0.0	6.8	1.8321746697576016
CH3CH2OH_g	-1.193939393939394	0.0	6.8	1.6690197504706143
CH3CH2OH_g	-1.185858585858586	0.0	6.8	1.517993409423377
CH3CH2OH_g	-1.1777777777777778	0.0	6.8	1.3782850698283575
CH3CH2OH_g	-1.16969696969697	0.0	6.8	1.2491420155596131
CH3CH2OH_g	-1.1616161616161618	0.0	6.8	1.129865956262926
CH3CH2OH_g	-1.1535353535353536	0.0	6.8	1.019809630796719
CH3CH2OH_g	-1.1454545454545455	0.0	6.8	0.9183734475180356
CH3CH2OH_g	-1.1373737373737374	0.0	6.8	0.8250021497698597
CH3CH2OH_g	-1.1292929292929292	0.0	6.8	0.7391814873347466
CH3CH2OH_g	-1.121212121212121	0.0	6.8	0.6604348701009773
CH3CH2OH_g	-1.1131313131313132	0.0	6.8	0.5883199796897159
CH3CH2OH_g	-1.105050505050505	0.0	6.8	0.5224253196446141
CH3CH2OH_g	-1.0969696969696972	0.0	6.8	0.4623666964760645
CH3CH2OH_g	-1.088888888888889	0.0	6.8	0.4077836435461522
CH3CH2OH_g	-1.0808080808080809	0.0	6.8	0.3583358275726869
CH3CH2OH_g	-1.0727272727272728	0.0	6.8	0.3136995116704252
CH3CH2OH_g	-1.0646464646464646	0.0	6.8	0.2735641855318672
CH3CH2OH_g	-1.0565656565656565	0.0	6.8	0.2376295074589419
CH3CH2OH_g	-1.0484848484848486	0.0	6.8	0.205602728609867
CH3CH2OH_g	-1.0404040404040404	0.0	6.8	0.1771967787732601
CH3CH2OH_g	-1.0323232323232323	0.0	6.8	0.152129172888458
CH3CH2OH_g	-1.0242424242424244	0.0	6.8	0.1301218371311435
CH3CH2OH_g	-1.0161616161616165	0.0	6.8	0.1109018542070228
CH3CH2OH_g	-1.0121212121212122	0.0	6.8	0.1022536106824538
CH3CH2OH_g	-1.0101010101010102	0.0	6.8	0.0981556125454664
CH3CH2OH_g	-1.0090909090909093	0.0	6.8	0.096161385058664
CH4_g	-1.8	0.0	6.8	3626.851789835848
CH4_g	-1.791919191919192	0.0	6.8	3124.400115011668
CH4_g	-1.7838383838383838	0.0	6.8	2691.348474908708
CH4_g	-1.775757575757576	0.0	6.8	2318.1697260734745
CH4_g	-1.7676767676767675	0.0	6.8	1996.6082155530264
CH4_g	-1.7595959595959596	0.0	6.8	1719.5431761478528
CH4_g	-1.7515151515151517	0.0	6.8	1480.8332241264388
CH4_g	-1.7434343434343436	0.0	6.8	1275.1820811412642
CH4_g	-1.7353535353535354	0.0	6.8	1098.022634849888
CH4_g	-1.7272727272727273	0.0	6.8	945.416843008074
CH4_g	-1.7191919191919192	0.0	6.8	813.9693235832376
CH4_g	-1.7111111111111112	0.0	6.8	700.7527658017843
CH4_g	-1.7030303030303031	0.0	6.8	603.2435501642453
CH4_g	-1.694949494949495	0.0	6.8	519.2661847717039
CH4_g	-1.6868686868686869	0.0	6.8	446.9453556490765
CH4_g	-1.6787878787878787	0.0	6.8	384.6645545267462
CH4_g	-1.6707070707070708	0.0	6.8	331.030392811282
CH4_g	-1.662626262626263	0.0	6.8	284.84183890020586
CH4_g	-1.6545454545454543	0.0	6.8	245.06373032132612
CH4_g	-1.6464646464646466	0.0	6.8	210.8040127480926
CH4_g	-1.6383838383838385	0.0	6.8	181.2942398631542
CH4_g	-1.6303030303030304	0.0	6.8	155.87291841734586
CH4_g	-1.6222222222222222	0.0	6.8	133.97128454518398
CH4_g	-1.614141414141414	0.0	6.8	115.10105051810226
CH4_g	-1.6060606060606062	0.0	6.8	98.84361868390415
CH4_g	-1.597979797979798	0.0	6.8	84.84032688041047
CH4_g	-1.58989898989899	0.0	6.8	72.78352505064854
CH4_g	-1.5818181818181818	0.0	6.8	62.40857370453997
CH4_g	-1.573737373737374	0.0	6.8	53.48698569372031
CH4_g	-1.5656565656565655	0.0	6.8	45.82082339397922
CH4_g	-1.5575757575757576	0.0	6.8	39.238249854225664
CH4_g	-1.5494949494949497	0.0	6.8	33.58998975564477
CH4_g	-1.5414141414141411	0.0	6.8	28.746438400614203
CH4_g	-1.5333333333333334	0.0	6.8	24.595216322280542
CH4_g	-1.5252525252525253	0.0	6.8	21.03904114882908
CH4_g	-1.5171717171717172	0.0	6.8	17.99384477133268
CH4_g	-1.5090909090909093	0.0	6.8	15.387097255885708
CH4_g	-1.5010101010101011	0.0	6.8	13.156315287254976
CH4_g	-1.492929292929293	0.0	6.8	11.262399679707505
CH4_g	-1.4848484848484849	0.0	6.8	9.644302746076177
CH4_g	-1.4767676767676767	0.0	6.8	8.259496878528466
CH4_g	-1.4686868686868686	0.0	6.8	7.074244239484771
CH4_g	-1.460606060606061	0.0	6.8	6.059674953698181
CH4_g	-1.4525252525252526	0.0	6.8	5.191097495000888
CH4_g	-1.4444444444444444	0.0	6.8	4.44740179443337
CH4_g	-1.4363636363636365	0.0	6.8	3.810543821467696
CH4_g	-1.4282828282828284	0.0	6.8	3.265101625329975
CH4_g	-1.4202020202020202	0.0	6.8	2.797893880178619
CH4_g	-1.412121212121212	0.0	6.8	2.397652894270285
CH4_g	-1.404040404040404	0.0	6.8	2.0547448664107884
CH4_g	-1.395959595959596	0.0	6.8	1.760930939019377
CH4_g	-1.387878787878788	0.0	6.8	1.5091633239732407
CH4_g	-1.3797979797979798	0.0	6.8	1.2934114674757085
CH4_g	-1.371717171717172	0.0	6.8	1.108513867156363
CH4_g	-1.3636363636363638	0.0	6.8	0.9500517498234812
CH4_g	-1.3555555555555556	0.0	6.8	0.814241355032796
CH4_g	-1.3474747474747475	0.0	6.8	0.6978420448781477
CH4_g	-1.3393939393939394	0.0	6.8	0.598077874820934
CH4_g	-1.3313131313131312	0.0	6.8	0.5125706174698683
CH4_g	-1.323232323232323	0.0	6.8	0.4392825362699203
CH4_g	-1.3151515151515152	0.0	6.8	0.3764674651176438
CH4_g	-1.307070707070707	0.0	6.8	0.3226289691345684
CH4_g	-1.2989898989898991	0.0	6.8	0.2764845469930033
CH4_g	-1.290909090909091	0.0	6.8	0.2369349915095617
CH4_g	-1.2828282828282829	0.0	6.8	0.2030381572459907
CH4_g	-1.2747474747474747	0.0	6.8	0.1739864954696214
CH4_g	-1.2666666666666666	0.0	6.8	0.1490878113062574
CH4_g	-1.2585858585858585	0.0	6.8	0.1277487780123571
CH4_g	-1.2505050505050506	0.0	6.8	0.1094608112917929
CH4_g	-1.2424242424242424	0.0	6.8	0.0937879643933283
CH4_g	-1.2343434343434343	0.0	6.8	0.0803565539385065
CH4_g	-1.2262626262626264	0.0	6.8	0.0688462683731322
CH4_g	-1.2181818181818185	0.0	6.8	0.0589825467195221
CH4_g	-1.21010101010101	0.0	6.8	0.050530045862466
CH4_g	-1.202020202020202	0.0	6.8	0.0432870407128092
CH4_g	-1.193939393939394	0.0	6.8	0.0370806239192234
CH4_g	-1.185858585858586	0.0	6.8	0.0317625908994151
CH4_g	-1.1777777777777778	0.0	6.8	0.027205912309657
CH4_g	-1.16969696969697	0.0	6.8	0.0233017100674913
CH4_g	-1.1616161616161618	0.0	6.8	0.0199566650278233
CH4_g	-1.1535353535353536	0.0	6.8	0.0170907946776078
CH4_g	-1.1454545454545455	0.0	6.8	0.0146355480058881
CH4_g	-1.1373737373737374	0.0	6.8	0.0125321722342045
CH4_g	-1.1292929292929292	0.0	6.8	0.0107303125357343
CH4_g	-1.121212121212121	0.0	6.8	0.0091868113807479
CH4_g	-1.1131313131313132	0.0	6.8	0.0078646788471519
CH4_g	-1.105050505050505	0.0	6.8	0.0067322092308691
CH4_g	-1.0969696969696972	0.0	6.8	0.0057622226602836
CH4_g	-1.088888888888889	0.0	6.8	0.004931413212099
CH4_g	-1.0808080808080809	0.0	6.8	0.0042197872560218
CH4_g	-1.0727272727272728	0.0	6.8	0.0036101773916532
CH4_g	-1.0646464646464646	0.0	6.8	0.00308781831599
CH4_g	-1.0565656565656565	0.0	6.8	0.0026399712171521
CH4_g	-1.0484848484848486	0.0	6.8	0.0022555828774296
CH4_g	-1.0404040404040404	0.0	6.8	0.0019249649354591
CH4_g	-1.0323232323232323	0.0	6.8	0.0016394790121043
CH4_g	-1.0242424242424244	0.0	6.8	0.0013912191512261
CH4_g	-1.0161616161616165	0.0	6.8	0.0011727078319749
CH4_g	-1.0121212121212122	0.0	6.8	0.001072334029679
CH4_g	-1.0101010101010102	0.0	6.8	0.0010239780946586
CH4_g	-1.0090909090909093	0.0	6.8	0.0010002105494335
CO_g	-1.8	0.0	6.8	1.1864214085448568
CO_g	-1.791919191919192	0.0	6.8	1.1962092599226934
CO_g	-1.7838383838383838	0.0	6.8	1.205984697942464
CO_g	-1.775757575757576	0.0	6.8	1.2157616567335048
CO_g	-1.7676767676767675	0.0	6.8	1.2255397865076143
CO_g	-1.7595959595959596	0.0	6.8	1.2353186410304795
CO_g	-1.7515151515151517	0.0	6.8	1.2450976359097103
CO_g	-1.7434343434343436	0.0	6.8	1.2548759875462818
CO_g	-1.7353535353535354	0.0	6.8	1.2646526235608273
CO_g	-1.7272727272727273	0.0	6.8	1.2744260512061971
CO_g	-1.7191919191919192	0.0	6.8	1.284194164098943
CO_g	-1.7111111111111112	0.0	6.8	1.2939539588943096
CO_g	-1.7030303030303031	0.0	6.8	1.3037011216345349
CO_g	-1.694949494949495	0.0	6.8	1.313429428093608
CO_g	-1.6868686868686869	0.0	6.8	1.3231298843759585
CO_g	-1.6787878787878787	0.0	6.8	1.3327895171862454
CO_g	-1.6707070707070708	0.0	6.8	1.3423897181058313
CO_g	-1.662626262626263	0.0	6.8	1.3519040760868857
CO_g	-1.6545454545454543	0.0	6.8	1.3612957403149273
CO_g	-1.6464646464646466	0.0	6.8	1.3705146053910036
CO_g	-1.6383838383838385	0.0	6.8	1.3794950588471957
CO_g	-1.6303030303030304	0.0	6.8	1.3881556312938577
CO_g	-1.6222222222222222	0.0	6.8	1.3964023238295369
CO_g	-1.614141414141414	0.0	6.8	1.4041369815525402
CO_g	-1.6060606060606062	0.0	6.8	1.411270215422521
CO_g	-1.597979797979798	0.0	6.8	1.4177355235377362
CO_g	-1.58989898989899	0.0	6.8	1.4234995124893215
CO_g	-1.5818181818181818	0.0	6.8	1.4285644665288668
CO_g	-1.573737373737374	0.0	6.8	1.432963270364605
CO_g	-1.5656565656565655	0.0	6.8	1.4367498924797315
CO_g	-1.5575757575757576	0.0	6.8	1.4399892880543417
CO_g	-1.5494949494949497	0.0	6.8	1.4427492377369324
CO_g	-1.5414141414141411	0.0	6.8	1.4450949244052658
CO_g	-1.5333333333333334	0.0	6.8	1.4470859495522987
CO_g	-1.5252525252525253	0.0	6.8	1.4487750964755015
CO_g	-1.5171717171717172	0.0	6.8	1.450208170731744
CO_g	-1.5090909090909093	0.0	6.8	1.4514244204505844
CO_g	-1.5010101010101011	0.0	6.8	1.4524572166836631
CO_g	-1.492929292929293	0.0	6.8	1.4552290661949308
CO_g	-1.4848484848484849	0.0	6.8	1.4584871562909143
CO_g	-1.4767676767676767	0.0	6.8	1.461896803282874
CO_g	-1.4686868686868686	0.0	6.8	1.46546186630429
CO_g	-1.460606060606061	0.0	6.8	1.4691804812054474
CO_g	-1.4525252525252526	0.0	6.8	1.473046157515445
CO_g	-1.4444444444444444	0.0	6.8	1.477048942346348
CO_g	-1.4363636363636365	0.0	6.8	1.481176552573561
CO_g	-1.4282828282828284	0.0	6.8	1.4854153931619696
CO_g	-1.4202020202020202	0.0	6.8	1.4897514073657827
CO_g	-1.412121212121212	0.0	6.8	1.4941707348868305
CO_g	-1.404040404040404	0.0	6.8	1.4986601800957136
CO_g	-1.395959595959596	0.0	6.8	1.5032075105557443
CO_g	-1.387878787878788	0.0	6.8	1.507801615823989
CO_g	-1.3797979797979798	0.0	6.8	1.512432559270205
CO_g	-1.371717171717172	0.0	6.8	1.5170915536678955
CO_g	-1.3636363636363638	0.0	6.8	1.521770886725227
CO_g	-1.3555555555555556	0.0	6.8	1.52646381720312
CO_g	-1.3474747474747475	0.0	6.8	1.5311644568917748
CO_g	-1.3393939393939394	0.0	6.8	1.5358676490571708
CO_g	-1.3313131313131312	0.0	6.8	1.5405688502369703
CO_g	-1.323232323232323	0.0	6.8	1.5452640194533156
CO_g	-1.3151515151515152	0.0	6.8	1.549949516900298
CO_g	-1.307070707070707	0.0	6.8	1.5546220127995172
CO_g	-1.2989898989898991	0.0	6.8	1.5592784062425684
CO_g	-1.290909090909091	0.0	6.8	1.563915753319755
CO_g	-1.2828282828282829	0.0	6.8	1.5685312035619494
CO_g	-1.2747474747474747	0.0	6.8	1.5731219436159538
CO_g	-1.2666666666666666	0.0	6.8	1.57768514707421
CO_g	-1.2585858585858585	0.0	6.8	1.582217929446771
CO_g	-1.2505050505050506	0.0	6.8	1.5867173073703942
CO_g	-1.2424242424242424	0.0	6.8	1.591180161279973
CO_g	-1.2343434343434343	0.0	6.8	1.5956032009121586
CO_g	-1.2262626262626264	0.0	6.8	1.5999829331658768
CO_g	-1.2181818181818185	0.0	6.8	1.6043156320088423
CO_g	-1.21010101010101	0.0	6.8	1.6085973102944056
CO_g	-1.202020202020202	0.0	6.8	1.612823693540847
CO_g	-1.193939393939394	0.0	6.8	1.6169901959261173
CO_g	-1.185858585858586	0.0	6.8	1.6210918989619671
CO_g	-1.1777777777777778	0.0	6.8	1.6251235335222465
CO_g	-1.16969696969697	0.0	6.8	1.629079466088642
CO_g	-1.1616161616161618	0.0	6.8	1.632953690201992
CO_g	-1.1535353535353536	0.0	6.8	1.6367398241002462
CO_g	-1.1454545454545455	0.0	6.8	1.640431115284118
CO_g	-1.1373737373737374	0.0	6.8	1.6440204521504065
CO_g	-1.1292929292929292	0.0	6.8	1.647500381756422
CO_g	-1.121212121212121	0.0	6.8	1.6508631312459423
CO_g	-1.1131313131313132	0.0	6.8	1.654100628902913
CO_g	-1.105050505050505	0.0	6.8	1.6572045205210042
CO_g	-1.0969696969696972	0.0	6.8	1.660166180573201
CO_g	-1.088888888888889	0.0	6.8	1.6629767297250473
CO_g	-1.0808080808080809	0.0	6.8	1.6656270935386612
CO_g	-1.0727272727272728	0.0	6.8	1.6681081661638677
CO_g	-1.0646464646464646	0.0	6.8	1.6704111538354072
CO_g	-1.0565656565656565	0.0	6.8	1.6725281290053275
CO_g	-1.0484848484848486	0.0	6.8	1.674452714580655
CO_g	-1.0404040404040404	0.0	6.8	1.676180701660448
CO_g	-1.0323232323232323	0.0	6.8	1.6777104041422095
CO_g	-1.0242424242424244	0.0	6.8	1.6790427460846156
CO_g	-1.0161616161616165	0.0	6.8	1.6801814404013622
CO_g	-1.0121212121212122	0.0	6.8	1.6806803257625145
CO_g	-1.0101010101010102	0.0	6.8	1.6809127356089264
CO_g	-1.0090909090909093	0.0	6.8	1.6810247806048777
CO_t_1	-1.8	0.0	6.8	0.2990522946053395
CO_t_1	-1.791919191919192	0.0	6.8	0.301519431245834
CO_t_1	-1.7838383838383838	0.0	6.8	0.3039834383549264
CO_t_1	-1.775757575757576	0.0	6.8	0.3064478281874772
CO_t_1	-1.7676767676767675	0.0	6.8	0.3089125125563658
CO_t_1	-1.7595959595959596	0.0	6.8	0.3113773789632228
CO_t_1	-1.7515151515151517	0.0	6.8	0.3138422800841928
CO_t_1	-1.7434343434343436	0.0	6.8	0.3163070183815772
CO_t_1	-1.7353535353535354	0.0	6.8	0.3187713235252156
CO_t_1	-1.7272727272727273	0.0	6.8	0.3212348192235584
CO_t_1	-1.7191919191919192	0.0	6.8	0.323696974506908
CO_t_1	-1.7111111111111112	0.0	6.8	0.3261570323102591
CO_t_1	-1.7030303030303031	0.0	6.8	0.328613905204845
CO_t_1	-1.694949494949495	0.0	6.8	0.3310660242439096
CO_t_1	-1.6868686868686869	0.0	6.8	0.3335111223343474
CO_t_1	-1.6787878787878787	0.0	6.8	0.335945929300778
CO_t_1	-1.6707070707070708	0.0	6.8	0.3383657545274474
CO_t_1	-1.662626262626263	0.0	6.8	0.3407639405935498
CO_t_1	-1.6545454545454543	0.0	6.8	0.3431311985251981
CO_t_1	-1.6464646464646466	0.0	6.8	0.345454898253337
CO_t_1	-1.6383838383838385	0.0	6.8	0.3477185008087851
CO_t_1	-1.6303030303030304	0.0	6.8	0.3499014700988238
CO_t_1	-1.6222222222222222	0.0	6.8	0.3519801115937548
CO_t_1	-1.614141414141414	0.0	6.8	0.353929682969732
CO_t_1	-1.6060606060606062	0.0	6.8	0.3557276512520778
CO_t_1	-1.597979797979798	0.0	6.8	0.3573572523129791
CO_t_1	-1.58989898989899	0.0	6.8	0.358810067350121
CO_t_1	-1.5818181818181818	0.0	6.8	0.3600866705152428
CO_t_1	-1.573737373737374	0.0	6.8	0.3611953491438655
CO_t_1	-1.5656565656565655	0.0	6.8	0.3621497049255932
CO_t_1	-1.5575757575757576	0.0	6.8	0.3629661087580673
CO_t_1	-1.5494949494949497	0.0	6.8	0.3636616435611078
CO_t_1	-1.5414141414141411	0.0	6.8	0.364252737213987
CO_t_1	-1.5333333333333334	0.0	6.8	0.3647544104494074
CO_t_1	-1.5252525252525253	0.0	6.8	0.3651799650487101
CO_t_1	-1.5171717171717172	0.0	6.8	0.365540943574955
CO_t_1	-1.5090909090909093	0.0	6.8	0.3658472352639192
CO_t_1	-1.5010101010101011	0.0	6.8	0.3661072474558006
CO_t_1	-1.492929292929293	0.0	6.8	0.366805617537798
CO_t_1	-1.4848484848484849	0.0	6.8	0.367626532276287
CO_t_1	-1.4767676767676767	0.0	6.8	0.3684856207099021
CO_t_1	-1.4686868686868686	0.0	6.8	0.369383853897592
CO_t_1	-1.460606060606061	0.0	6.8	0.3703207600545198
CO_t_1	-1.4525252525252526	0.0	6.8	0.371294701011457
CO_t_1	-1.4444444444444444	0.0	6.8	0.3723031655535641
CO_t_1	-1.4363636363636365	0.0	6.8	0.3733430547692315
CO_t_1	-1.4282828282828284	0.0	6.8	0.3744109387062186
CO_t_1	-1.4202020202020202	0.0	6.8	0.3755032706534082
CO_t_1	-1.412121212121212	0.0	6.8	0.3766165530178536
CO_t_1	-1.404040404040404	0.0	6.8	0.3777474553253501
CO_t_1	-1.395959595959596	0.0	6.8	0.3788928894443261
CO_t_1	-1.387878787878788	0.0	6.8	0.3800500495869008
CO_t_1	-1.3797979797979798	0.0	6.8	0.3812164253386644
CO_t_1	-1.371717171717172	0.0	6.8	0.3823897954682953
CO_t_1	-1.3636363636363638	0.0	6.8	0.3835682091122434
CO_t_1	-1.3555555555555556	0.0	6.8	0.3847499595382933
CO_t_1	-1.3474747474747475	0.0	6.8	0.3859335543367232
CO_t_1	-1.3393939393939394	0.0	6.8	0.3871176847131434
CO_t_1	-1.3313131313131312	0.0	6.8	0.3883011956162523
CO_t_1	-1.323232323232323	0.0	6.8	0.3894830577247802
CO_t_1	-1.3151515151515152	0.0	6.8	0.3906623418111124
CO_t_1	-1.307070707070707	0.0	6.8	0.3918381956549377
CO_t_1	-1.2989898989898991	0.0	6.8	0.3930098234595519
CO_t_1	-1.290909090909091	0.0	6.8	0.3941764675921939
CO_t_1	-1.2828282828282829	0.0	6.8	0.3953373924008131
CO_t_1	-1.2747474747474747	0.0	6.8	0.3964918698324673
CO_t_1	-1.2666666666666666	0.0	6.8	0.3976391665783335
CO_t_1	-1.2585858585858585	0.0	6.8	0.3987785324869035
CO_t_1	-1.2505050505050506	0.0	6.8	0.3999091900136629
CO_t_1	-1.2424242424242424	0.0	6.8	0.4010303245083646
CO_t_1	-1.2343434343434343	0.0	6.8	0.4021410751777538
CO_t_1	-1.2262626262626264	0.0	6.8	0.4032405266015618
CO_t_1	-1.2181818181818185	0.0	6.8	0.4043277007230173
CO_t_1	-1.21010101010101	0.0	6.8	0.4054015492831164
CO_t_1	-1.202020202020202	0.0	6.8	0.4064609467220735
CO_t_1	-1.193939393939394	0.0	6.8	0.4075046836338246
CO_t_1	-1.185858585858586	0.0	6.8	0.40853146093248
CO_t_1	-1.1777777777777778	0.0	6.8	0.4095398849754921
CO_t_1	-1.16969696969697	0.0	6.8	0.4105284639888378
CO_t_1	-1.1616161616161618	0.0	6.8	0.4114956062553909
CO_t_1	-1.1535353535353536	0.0	6.8	0.4124396206573432
CO_t_1	-1.1454545454545455	0.0	6.8	0.4133587203017577
CO_t_1	-1.1373737373737374	0.0	6.8	0.4142510300937225
CO_t_1	-1.1292929292929292	0.0	6.8	0.4151145992335888
CO_t_1	-1.121212121212121	0.0	6.8	0.4159474196693589
CO_t_1	-1.1131313131313132	0.0	6.8	0.4167474514795237
CO_t_1	-1.105050505050505	0.0	6.8	0.4175126559178054
CO_t_1	-1.0969696969696972	0.0	6.8	0.4182410363138967
CO_t_1	-1.088888888888889	0.0	6.8	0.4189306860719751
CO_t_1	-1.0808080808080809	0.0	6.8	0.4195798415568632
CO_t_1	-1.0727272727272728	0.0	6.8	0.4201869357871767
CO_t_1	-1.0646464646464646	0.0	6.8	0.4207506470026385
CO_t_1	-1.0565656565656565	0.0	6.8	0.4212699352258992
CO_t_1	-1.0484848484848486	0.0	6.8	0.4217440610317026
CO_t_1	-1.0404040404040404	0.0	6.8	0.4221725850852691
CO_t_1	-1.0323232323232323	0.0	6.8	0.4225553570193835
CO_t_1	-1.0242424242424244	0.0	6.8	0.4228925246306694
CO_t_1	-1.0161616161616165	0.0	6.8	0.4231846435728176
CO_t_1	-1.0121212121212122	0.0	6.8	0.423314179302118
CO_t_1	-1.0101010101010102	0.0	6.8	0.4233749281839363
CO_t_1	-1.0090909090909093	0.0	6.8	0.4234043180958932
H2_g	-1.8	0.0	6.8	14.823607311172838
H2_g	-1.791919191919192	0.0	6.8	11.704669134904158
H2_g	-1.7838383838383838	0.0	6.8	9.241655253090125
H2_g	-1.775757575757576	0.0	6.8	7.296752473864567
H2_g	-1.7676767676767675	0.0	6.8	5.761026574159509
H2_g	-1.7595959595959596	0.0	6.8	4.548435934392101
H2_g	-1.7515151515151517	0.0	6.8	3.59102339490359
H2_g	-1.7434343434343436	0.0	6.8	2.8351173927106945
H2_g	-1.7353535353535354	0.0	6.8	2.2383306550311337
H2_g	-1.7272727272727273	0.0	6.8	1.7671891106396889
H2_g	-1.7191919191919192	0.0	6.8	1.3952587662771598
H2_g	-1.7111111111111112	0.0	6.8	1.1016660291332745
H2_g	-1.7030303030303031	0.0	6.8	0.8699288766559927
H2_g	-1.694949494949495	0.0	6.8	0.6870335981633771
H2_g	-1.6868686868686869	0.0	6.8	0.5427055204936845
H2_g	-1.6787878787878787	0.0	6.8	0.4288329420828773
H2_g	-1.6707070707070708	0.0	6.8	0.3390120371797892
H2_g	-1.662626262626263	0.0	6.8	0.2681872309392115
H2_g	-1.6545454545454543	0.0	6.8	0.212366869181148
H2_g	-1.6464646464646466	0.0	6.8	0.1683982292483003
H2_g	-1.6383838383838385	0.0	6.8	0.1337893132989833
H2_g	-1.6303030303030304	0.0	6.8	0.1065676704547154
H2_g	-1.6222222222222222	0.0	6.8	0.0851688768400195
H2_g	-1.614141414141414	0.0	6.8	0.0683492627809765
H2_g	-1.6060606060606062	0.0	6.8	0.0551187801695149
H2_g	-1.597979797979798	0.0	6.8	0.0446902871954103
H2_g	-1.58989898989899	0.0	6.8	0.0364412197014147
H2_g	-1.5818181818181818	0.0	6.8	0.0298835134689982
H2_g	-1.573737373737374	0.0	6.8	0.0246385047937041
H2_g	-1.5656565656565655	0.0	6.8	0.0204151022409944
H2_g	-1.5575757575757576	0.0	6.8	0.0169908477499815
H2_g	-1.5494949494949497	0.0	6.8	0.0141960168811425
H2_g	-1.5414141414141411	0.0	6.8	0.0119008142770291
H2_g	-1.5333333333333334	0.0	6.8	0.0100054328882238
H2_g	-1.5252525252525253	0.0	6.8	0.0084325398996146
H2_g	-1.5171717171717172	0.0	6.8	0.0071216899095722
H2_g	-1.5090909090909093	0.0	6.8	0.0060252037218446
H2_g	-1.5010101010101011	0.0	6.8	0.0051051323230677
H2_g	-1.492929292929293	0.0	6.8	0.0042649746561209
H2_g	-1.4848484848484849	0.0	6.8	0.0035490553170974
H2_g	-1.4767676767676767	0.0	6.8	0.0029496794068886
H2_g	-1.4686868686868686	0.0	6.8	0.0024484368971437
H2_g	-1.460606060606061	0.0	6.8	0.0020298387709587
H2_g	-1.4525252525252526	0.0	6.8	0.0016807978294818
H2_g	-1.4444444444444444	0.0	6.8	0.0013902269606619
H2_g	-1.4363636363636365	0.0	6.8	0.0011487233164478
H2_g	-1.4282828282828284	0.0	6.8	0.0009483147722864
H2_g	-1.4202020202020202	0.0	6.8	0.0007822515602525
H2_g	-1.412121212121212	0.0	6.8	0.0006448311718407
H2_g	-1.404040404040404	0.0	6.8	0.0005312485655497
H2_g	-1.395959595959596	0.0	6.8	0.0004374665001267
H2_g	-1.387878787878788	0.0	6.8	0.0003601026398275
H2_g	-1.3797979797979798	0.0	6.8	0.0002963311793037
H2_g	-1.371717171717172	0.0	6.8	0.0002437973435247
H2_g	-1.3636363636363638	0.0	6.8	0.0002005434243562
H2_g	-1.3555555555555556	0.0	6.8	0.0001649451598405
H2_g	-1.3474747474747475	0.0	6.8	0.0001356573350718
H2_g	-1.3393939393939394	0.0	6.8	0.0001115675358924
H2_g	-1.3313131313131312	0.0	6.8	9.17570426725932e-05
H2_g	-1.323232323232323	0.0	6.8	7.546791915989441e-05
H2_g	-1.3151515151515152	0.0	6.8	6.207543027690363e-05
H2_g	-1.307070707070707	0.0	6.8	5.1065008782377095e-05
H2_g	-1.2989898989898991	0.0	6.8	4.20130791068212e-05
H2_g	-1.290909090909091	0.0	6.8	3.457113328827351e-05
H2_g	-1.2828282828282829	0.0	6.8	2.845253571301703e-05
H2_g	-1.2747474747474747	0.0	6.8	2.342160838663801e-05
H2_g	-1.2666666666666666	0.0	6.8	1.9284615747203297e-05
H2_g	-1.2585858585858585	0.0	6.8	1.5882327319551574e-05
H2_g	-1.2505050505050506	0.0	6.8	1.3083888019099316e-05
H2_g	-1.2424242424242424	0.0	6.8	1.078177016659489e-05
H2_g	-1.2343434343434343	0.0	6.8	8.887618955014463e-06
H2_g	-1.2262626262626264	0.0	6.8	7.328834962458819e-06
H2_g	-1.2181818181818185	0.0	6.8	6.045764076317359e-06
H2_g	-1.21010101010101	0.0	6.8	4.989387589824788e-06
H2_g	-1.202020202020202	0.0	6.8	4.119423897287129e-06
H2_g	-1.193939393939394	0.0	6.8	3.4027687230271444e-06
H2_g	-1.185858585858586	0.0	6.8	2.812213673961921e-06
H2_g	-1.1777777777777778	0.0	6.8	2.32539354032418e-06
H2_g	-1.16969696969697	0.0	6.8	1.923921553953089e-06
H2_g	-1.1616161616161618	0.0	6.8	1.592679063296845e-06
H2_g	-1.1535353535353536	0.0	6.8	1.31923206461864e-06
H2_g	-1.1454545454545455	0.0	6.8	1.0933519643758745e-06
H2_g	-1.1373737373737374	0.0	6.8	9.066220283530964e-07
H2_g	-1.1292929292929292	0.0	6.8	7.521143600013757e-07
H2_g	-1.121212121212121	0.0	6.8	6.241250784422706e-07
H2_g	-1.1131313131313132	0.0	6.8	5.179577402032858e-07
H2_g	-1.105050505050505	0.0	6.8	4.297470241139705e-07
H2_g	-1.0969696969696972	0.0	6.8	3.563162457690085e-07
H2_g	-1.088888888888889	0.0	6.8	2.950632238940452e-07
H2_g	-1.0808080808080809	0.0	6.8	2.438691109164548e-07
H2_g	-1.0727272727272728	0.0	6.8	2.010238967582005e-07
H2_g	-1.0646464646464646	0.0	6.8	1.651610368540584e-07
H2_g	-1.0565656565656565	0.0	6.8	1.3519393543101053e-07
H2_g	-1.0484848484848486	0.0	6.8	1.1025094651447153e-07
H2_g	-1.0404040404040404	0.0	6.8	8.961249688538134e-08
H2_g	-1.0323232323232323	0.0	6.8	7.265909293294708e-08
H2_g	-1.0242424242424244	0.0	6.8	5.8837616411275336e-08
H2_g	-1.0161616161616165	0.0	6.8	4.7646509674597066e-08
H2_g	-1.0121212121212122	0.0	6.8	4.289413070737512e-08
H2_g	-1.0101010101010102	0.0	6.8	4.070562029745081e-08
H2_g	-1.0090909090909093	0.0	6.8	3.9655569443906045e-08
